-- phpMyAdmin SQL Dump
-- version 5.0.1
-- https://www.phpmyadmin.net/
--
-- Host: localhost
-- Generation Time: Jul 03, 2023 at 02:57 PM
-- Server version: 10.4.11-MariaDB
-- PHP Version: 7.4.1

SET SQL_MODE = "NO_AUTO_VALUE_ON_ZERO";
SET AUTOCOMMIT = 0;
START TRANSACTION;
SET time_zone = "+00:00";


/*!40101 SET @OLD_CHARACTER_SET_CLIENT=@@CHARACTER_SET_CLIENT */;
/*!40101 SET @OLD_CHARACTER_SET_RESULTS=@@CHARACTER_SET_RESULTS */;
/*!40101 SET @OLD_COLLATION_CONNECTION=@@COLLATION_CONNECTION */;
/*!40101 SET NAMES utf8mb4 */;

--
-- Database: `gubuktani`
--

-- --------------------------------------------------------

--
-- Table structure for table `admins`
--

CREATE TABLE `admins` (
  `id` bigint(20) UNSIGNED NOT NULL,
  `name` varchar(255) COLLATE utf8mb4_unicode_ci NOT NULL,
  `email` varchar(255) COLLATE utf8mb4_unicode_ci NOT NULL,
  `password` varchar(255) COLLATE utf8mb4_unicode_ci NOT NULL,
  `created_at` timestamp NULL DEFAULT NULL,
  `updated_at` timestamp NULL DEFAULT NULL
) ENGINE=InnoDB DEFAULT CHARSET=utf8mb4 COLLATE=utf8mb4_unicode_ci;

--
-- Dumping data for table `admins`
--

INSERT INTO `admins` (`id`, `name`, `email`, `password`, `created_at`, `updated_at`) VALUES
(1, 'admin', 'admin@mailinator.com', '$2a$12$okqGjobN1p.5Q5UzP2uKvexK5YKGXBn6VRz1Pol.sk/8P/mmnne6K', NULL, NULL),
(2, 'kresna', 'kresna@mailinator.com', '$2y$10$0/BFUMppeQfPUHKsCIvYAO6Ewe3BynMwOVcXvmhBOhCzSHXf8PKCu', NULL, NULL),
(3, 'bagas', 'bagas@mailinator.com', '$2y$10$0/BFUMppeQfPUHKsCIvYAO6Ewe3BynMwOVcXvmhBOhCzSHXf8PKCu', NULL, NULL);

-- --------------------------------------------------------

--
-- Table structure for table `ads`
--

CREATE TABLE `ads` (
  `id` bigint(20) UNSIGNED NOT NULL,
  `id_user` int(11) NOT NULL,
  `id_category` int(11) NOT NULL,
  `title` varchar(255) COLLATE utf8mb4_unicode_ci NOT NULL,
  `address` varchar(255) COLLATE utf8mb4_unicode_ci NOT NULL,
  `large` varchar(255) COLLATE utf8mb4_unicode_ci NOT NULL,
  `certification` varchar(255) COLLATE utf8mb4_unicode_ci NOT NULL,
  `desc` varchar(255) COLLATE utf8mb4_unicode_ci NOT NULL,
  `price` int(11) NOT NULL,
  `period` varchar(255) COLLATE utf8mb4_unicode_ci NOT NULL,
  `status` int(11) NOT NULL,
  `condition` varchar(255) COLLATE utf8mb4_unicode_ci NOT NULL,
  `irigation` varchar(255) COLLATE utf8mb4_unicode_ci DEFAULT NULL,
  `picture_one` varchar(255) COLLATE utf8mb4_unicode_ci NOT NULL,
  `picture_two` varchar(255) COLLATE utf8mb4_unicode_ci NOT NULL,
  `picture_three` varchar(255) COLLATE utf8mb4_unicode_ci NOT NULL,
  `picture_four` varchar(255) COLLATE utf8mb4_unicode_ci NOT NULL,
  `created_at` timestamp NULL DEFAULT NULL,
  `updated_at` timestamp NULL DEFAULT NULL,
  `notice` varchar(255) COLLATE utf8mb4_unicode_ci DEFAULT NULL,
  `is_irigation` int(11) NOT NULL
) ENGINE=InnoDB DEFAULT CHARSET=utf8mb4 COLLATE=utf8mb4_unicode_ci;

--
-- Dumping data for table `ads`
--

INSERT INTO `ads` (`id`, `id_user`, `id_category`, `title`, `address`, `large`, `certification`, `desc`, `price`, `period`, `status`, `condition`, `irigation`, `picture_one`, `picture_two`, `picture_three`, `picture_four`, `created_at`, `updated_at`, `notice`, `is_irigation`) VALUES
(17, 5, 1, 'test', 'test', 'test', 'SHM - Sertifikat Hak Milik', 'test', 21632222, 'Tahun', 1, '1', NULL, '1683971965-one.jpg', '1683971965-two.jpg', '1683971965-three.jpg', '1683971965-four.jpg', '2023-05-13 02:59:25', '2023-05-25 08:01:01', 'test', 0),
(19, 7, 1, 'test', 'test', '100', 'SHM - Sertifikat Hak Milik', 'test', 25000000, 'Tahun', 1, '1', NULL, '1684893904-one.jpg', '1684893904-two.jpg', '1684893904-three.jpg', '1684893904-four.jpg', '2023-05-23 19:05:04', '2023-05-24 18:44:33', 'test', 0),
(22, 5, 1, 'sawah bekas', 'tengger kandangan no 12', '1000', 'SHM - Sertifikat Hak Milik', 'siap pakai tanpa perantara', 3000000, 'Tahun', 1, '0', 'menggunakan pancuran', '1684980954-one.jpg', '1684980954-two.jpg', '1684980954-three.jpg', '1684980954-four.jpg', '2023-05-24 19:15:54', '2023-05-25 08:36:58', 'dilarang pupuk kimia', 1),
(23, 5, 1, 'sawah langsung lunas', 'test manukan', '1000', 'HGB - Hak Guna Usaha', 'lahan siap pakai tanpa perantara langsung lunas', 1000000, 'Tahun', 1, '1', 'test', '1685022915-one.jpg', '1685022915-two.jpg', '1685022915-three.jpg', '1685022915-four.jpg', '2023-05-25 06:55:15', '2023-05-25 06:59:17', 'test', 1),
(28, 5, 4, 'kebun siap lunas', 'test', 'test', 'SHP - Sertifikat Hak Pakai', 'test', 20000000, 'Tahun', 1, '1', NULL, '1685027536-one.jpg', '1685027536-two.jpg', '1685027536-three.jpg', '1685027536-four.jpg', '2023-05-25 08:12:16', '2023-05-25 08:16:20', 'test', 1),
(29, 5, 4, 'test kebun lunas', 'test', 'test', 'SHM - Sertifikat Hak Milik', 'test', 20000000, 'Tahun', 1, '1', NULL, '1685028593-one.jpg', '1685028593-two.jpg', '1685028593-three.jpg', '1685028593-four.jpg', '2023-05-25 08:29:53', '2023-05-25 08:32:43', 'test', 0),
(30, 10, 4, 'kebun mangga bekas dekat candi lontar', 'candi lontar no20', '100', 'SHP - Sertifikat Hak Pakai', 'test', 1000000, 'Tahun', 1, '1', NULL, '1685064594-one.jpg', '1685064594-two.jpg', '1685064594-three.jpg', '1685064594-four.jpg', '2023-05-25 18:29:54', '2023-05-25 18:44:41', 'pupuk kimia', 0),
(31, 6, 1, 'test', 'test', '1000', 'SHM - Sertifikat Hak Milik', 'test', 100000, 'Tahun', 0, '0', NULL, '1685615478-one.jpg', '1685615478-two.jpg', '1685615478-three.jpg', '1685615478-four.jpg', '2023-06-01 03:31:19', '2023-06-01 03:31:19', 'test', 0),
(32, 3, 1, 'test', 'test', 'test', 'SHM - Sertifikat Hak Milik', 'test', 200, 'Tahun', 0, '0', NULL, '1686544298-one.png', '1686544298-two.png', '1686544298-three.png', '1686544298-four.png', '2023-06-11 21:31:38', '2023-06-11 21:31:38', 'test', 0),
(33, 26, 1, 'test', 'test', 'test', 'SHM - Sertifikat Hak Milik', 'test', 200000, 'Tahun', 0, '0', 'Lorem Ipsum', '1688388869-one.png', '1688388869-two.png', '1688388869-three.png', '1688388869-four.png', '2023-07-03 05:54:29', '2023-07-03 05:54:29', 'test', 0),
(34, 26, 1, 'test', 'test', 'test', 'SHM - Sertifikat Hak Milik', 'test', 200000, 'Tahun', 0, '0', 'Lorem Ipsum', '1688388966-one.png', '1688388966-two.png', '1688388966-three.png', '1688388966-four.png', '2023-07-03 05:56:06', '2023-07-03 05:56:06', 'test', 0);

-- --------------------------------------------------------

--
-- Table structure for table `bookings`
--

CREATE TABLE `bookings` (
  `id` bigint(20) UNSIGNED NOT NULL,
  `id_user` int(11) NOT NULL,
  `id_lahan` int(11) NOT NULL,
  `created_at` timestamp NULL DEFAULT NULL,
  `updated_at` timestamp NULL DEFAULT NULL,
  `survey_date` date DEFAULT NULL
) ENGINE=InnoDB DEFAULT CHARSET=utf8mb4 COLLATE=utf8mb4_unicode_ci;

--
-- Dumping data for table `bookings`
--

INSERT INTO `bookings` (`id`, `id_user`, `id_lahan`, `created_at`, `updated_at`, `survey_date`) VALUES
(8, 4, 4, '2022-11-18 05:39:01', '2022-11-18 05:39:01', '2022-11-18'),
(13, 6, 12, '2023-05-13 02:46:45', '2023-05-13 02:46:45', NULL),
(17, 7, 20, '2023-05-24 18:11:49', '2023-05-24 18:11:49', NULL),
(20, 5, 21, '2023-05-24 18:56:52', '2023-05-24 18:56:52', NULL),
(22, 8, 21, '2023-05-24 19:10:39', '2023-05-24 19:10:39', NULL),
(24, 8, 22, '2023-05-24 19:18:58', '2023-05-24 19:18:58', NULL),
(25, 7, 22, '2023-05-24 19:20:36', '2023-05-24 19:20:36', '2023-05-29'),
(27, 6, 22, '2023-05-25 06:40:45', '2023-05-25 06:40:45', NULL);

-- --------------------------------------------------------

--
-- Table structure for table `categories`
--

CREATE TABLE `categories` (
  `id` bigint(20) UNSIGNED NOT NULL,
  `cateogory` varchar(255) COLLATE utf8mb4_unicode_ci NOT NULL,
  `created_at` timestamp NULL DEFAULT NULL,
  `updated_at` timestamp NULL DEFAULT NULL
) ENGINE=InnoDB DEFAULT CHARSET=utf8mb4 COLLATE=utf8mb4_unicode_ci;

--
-- Dumping data for table `categories`
--

INSERT INTO `categories` (`id`, `cateogory`, `created_at`, `updated_at`) VALUES
(1, 'Sawah', '2022-10-19 19:00:35', '2022-10-19 19:16:33'),
(4, 'Kebun', '2022-10-19 22:17:17', '2022-10-19 22:17:17');

-- --------------------------------------------------------

--
-- Table structure for table `customers`
--

CREATE TABLE `customers` (
  `id` bigint(20) UNSIGNED NOT NULL,
  `fname` varchar(255) COLLATE utf8mb4_unicode_ci NOT NULL,
  `lname` varchar(255) COLLATE utf8mb4_unicode_ci NOT NULL,
  `email` varchar(255) COLLATE utf8mb4_unicode_ci NOT NULL,
  `address` varchar(255) COLLATE utf8mb4_unicode_ci NOT NULL,
  `phone` varchar(255) COLLATE utf8mb4_unicode_ci NOT NULL,
  `work` varchar(255) COLLATE utf8mb4_unicode_ci NOT NULL,
  `password` varchar(255) COLLATE utf8mb4_unicode_ci NOT NULL,
  `profile_picture` varchar(255) COLLATE utf8mb4_unicode_ci NOT NULL,
  `created_at` timestamp NULL DEFAULT NULL,
  `updated_at` timestamp NULL DEFAULT NULL,
  `ktp` varchar(255) COLLATE utf8mb4_unicode_ci NOT NULL,
  `ktp_picture` varchar(255) COLLATE utf8mb4_unicode_ci NOT NULL,
  `email_verified_at` timestamp NULL DEFAULT NULL,
  `ktp_verified_at` timestamp NULL DEFAULT NULL
) ENGINE=InnoDB DEFAULT CHARSET=utf8mb4 COLLATE=utf8mb4_unicode_ci;

--
-- Dumping data for table `customers`
--

INSERT INTO `customers` (`id`, `fname`, `lname`, `email`, `address`, `phone`, `work`, `password`, `profile_picture`, `created_at`, `updated_at`, `ktp`, `ktp_picture`, `email_verified_at`, `ktp_verified_at`) VALUES
(3, 'bagas', 'salosa', 'bagas@mailinator.com', 'Bagas', '081222333444', 'POLRI', '$2a$12$2r4Ve7NY5PqQ3xKEdbdiQegHYLIQIBvYqe9vpcHekg2gce558RAMi', '1666787934.png', '2022-10-26 05:38:54', '2022-10-26 05:38:54', '', '', '2023-07-01 22:53:23', '2023-07-01 22:53:23'),
(4, 'dimas', 'pramudya', 'dimasrajawali76@gmail.com', 'manukan', '081222333444', 'TNI', '$2y$10$kl1oQBpXIY83iW0jXI4ooehv2J7W4sx5hvxNNm3DLBGOJKYWKav5i', '1668343179.png', '2022-11-13 05:39:39', '2022-11-13 05:39:39', '1234567890123456', '1668343179.png', '2023-07-01 22:53:23', '2023-07-01 22:53:23'),
(5, 'Gregorius', 'kresna aditya', 'kresnaaditya2@gmail.com', 'jl.manukan krido I blok 5b no.3', '085975157767', 'Swasta', '$2y$10$7a10iaTRSWL3PMpBeANBi.trEClsoeFDWao/DLvarQc.7SRBLkn5q', '1685029085.jpg', '2023-05-10 06:43:39', '2023-05-25 19:56:00', '3578114140500002', '1683726219.png', '2023-07-01 22:53:23', '2023-07-01 22:53:23'),
(6, 'bagas', 'alexander', 'bagasalexander@gmail.com', 'jl. tengger kandangan no.34', '08597646645122', 'Swasta', '$2y$10$KBlQTyUY8U9RIuSZY57hqu6C3vSHCIoh3CVAmnIFyR9zpxIw6s0Ay', '1683727368.jpg', '2023-05-10 07:02:48', '2023-05-10 07:02:48', '3571841255562223', '1683727368.jpg', '2023-07-01 22:53:23', '2023-07-01 22:53:23'),
(7, 'kresna', 'aditya', 'kresnaaditya7928@gmail.com', 'manukan krido', '085975157767', 'Lainnya', '$2y$10$i5IZQbDO3Ijp0sFSUdpD2.lcJkwx.LvqWGpm1RP/.2/XzA7YO7wXC', '1684893322.jpg', '2023-05-23 18:55:22', '2023-05-25 08:34:43', '032215548665422', '1684893322.jpg', '2023-07-01 22:53:23', '2023-07-01 22:53:23'),
(8, 'aditya', 'kresna', 'kresnaaditya140500@gmail.com', 'test', '0312661315121321', 'Swasta', '$2y$10$chiZZDnxe0HoUz2QTmQkxew0q34I9JombYMIE/SNSViPFGG7/WkIy', '1684980462.jpg', '2023-05-24 19:07:43', '2023-05-24 19:07:43', '0312316431313513', '1684980463.jpg', '2023-07-01 22:53:23', '2023-07-01 22:53:23'),
(9, 'bima', 'arya', 'bimaarya2@gmail.com', 'manukan kulon no 15', '3131132135465135', 'Lainnya', '$2y$10$DcVo7FLpbhPHy20L/Qmfe.A74xIefv7IyFjnY.dE5a7F9CjlVwLFq', '1685029550.jpg', '2023-05-25 08:45:50', '2023-05-25 08:45:50', '0312561353131', '1685029550.jpg', '2023-07-01 22:53:23', '2023-07-01 22:53:23'),
(10, 'Sendy', 'eka', 'sendy@gmail.com', 'manukan karya no 14', '0312266461313513', 'Swasta', '$2y$10$HRvqkVSsQ2/sj8BTcJUioOI1T7i42uGFuNA7JSKeexCIeKR/NFzKa', '1685065549.jpg', '2023-05-25 18:27:38', '2023-05-25 18:48:58', '0321246321343513', '1685064458.jpg', '2023-07-01 22:53:23', '2023-07-01 22:53:23'),
(11, 'dimas', 'pramudya', 'dimas@gmail.com', 'test', '03123134311313', 'Lainnya', '$2y$10$cdPOxykqi/Bp5X4b2BHAduX9CF.wvMwYlEGhJe/XooI6wAJyFkqQS', '1685064797.jpg', '2023-05-25 18:33:17', '2023-05-25 18:33:17', '3131313135131', '1685064797.jpg', '2023-07-01 22:53:23', '2023-07-01 22:53:23'),
(13, 'owen', 'natanael', 'owen@gmail.com', 'test', '21315613531315', 'TNI', '$2y$10$swvlUQixsOh16ARYNC0iHeI6sLpJ...TQgyPuAADDQ2HoDKn0ccCS', '1685276391.jpg', '2023-05-28 05:19:51', '2023-05-28 05:19:51', '23135431534135', '1685276391.jpg', '2023-07-01 22:53:23', '2023-07-01 22:53:23'),
(15, 'test', 'test', 'test2@mail.com', 'test', '0312264465146131', 'TNI', '$2y$10$4lkJGJkG3d1Dkozzk8mpiuynUZxcw/aqFH5zOMIkQMjS426MCsReS', '1685615226.jpg', '2023-06-01 03:27:06', '2023-06-01 03:27:06', '2131344531255132', '1685615226.jpg', '2023-07-01 22:53:23', '2023-07-01 22:53:23'),
(25, 'dinda', 'khoiria', 'dinakhy@gmail.com', 'sememi', '081222333444', 'TNI', '$2y$10$R5gKU.My.8srSpHJ35L5MuCdbqdt5.ezcD62YYl4o3aAomhLWSoQe', '1688276882.jpg', '2023-07-01 22:48:02', '2023-07-01 23:51:19', '1232131232132132', '1688276882.jpg', '2023-07-01 23:50:50', '2023-07-01 23:51:19'),
(26, 'fulan', 'fulana', 'fulan@gmail.com', 'manukan', '081222333444', 'TNI', '$2y$10$2LatkNK6ExRgmINTEJfAeeKpMg2LTcLS7tlmDC1Iw7Rt2ZwU5SuLe', '1688388332.png', '2023-07-03 05:45:32', '2023-07-03 05:53:11', '1312312312312312', '1688388332.png', '2023-07-03 05:52:26', '2023-07-03 05:53:11');

-- --------------------------------------------------------

--
-- Table structure for table `facilities`
--

CREATE TABLE `facilities` (
  `id` bigint(20) UNSIGNED NOT NULL,
  `id_ads` int(11) NOT NULL,
  `land` varchar(255) COLLATE utf8mb4_unicode_ci DEFAULT NULL,
  `road` varchar(255) COLLATE utf8mb4_unicode_ci DEFAULT NULL,
  `view` varchar(255) COLLATE utf8mb4_unicode_ci DEFAULT NULL,
  `range` varchar(255) COLLATE utf8mb4_unicode_ci DEFAULT NULL,
  `height` varchar(255) COLLATE utf8mb4_unicode_ci DEFAULT NULL,
  `created_at` timestamp NULL DEFAULT NULL,
  `updated_at` timestamp NULL DEFAULT NULL,
  `temperature` varchar(255) COLLATE utf8mb4_unicode_ci DEFAULT NULL
) ENGINE=InnoDB DEFAULT CHARSET=utf8mb4 COLLATE=utf8mb4_unicode_ci;

--
-- Dumping data for table `facilities`
--

INSERT INTO `facilities` (`id`, `id_ads`, `land`, `road`, `view`, `range`, `height`, `created_at`, `updated_at`, `temperature`) VALUES
(1, 8, 'Regosol', 'test', 'test', NULL, 'test', '2023-02-18 07:26:32', '2023-02-18 08:20:35', NULL),
(2, 3, 'Regosol', 'test', 'test', NULL, 'test', '2023-02-18 07:26:32', '2023-02-18 08:20:35', NULL),
(3, 9, 'Regosol', 'jalan setapak', 'pegunungan', '500', '3000', '2023-05-10 06:53:36', '2023-05-10 06:53:36', '30'),
(4, 10, 'Regosol', 'jalan setapak', 'pegunung', '300', '1000', '2023-05-12 01:24:16', '2023-05-12 01:24:16', '40'),
(5, 11, 'Regosol', 'setapak', '-', '300', '100', '2023-05-12 01:33:10', '2023-05-12 01:33:10', '30'),
(6, 12, 'Regosol', 'jalan setapak', 'pegunungan', '300', '100', '2023-05-13 02:41:34', '2023-05-13 02:41:34', '40'),
(7, 16, 'Regosol', NULL, NULL, NULL, '300', '2023-05-13 02:57:32', '2023-05-13 02:57:32', NULL),
(8, 17, 'Regosol', NULL, NULL, NULL, NULL, '2023-05-13 02:59:25', '2023-05-13 02:59:25', NULL),
(9, 19, 'Regosol', 'test', 'test', NULL, NULL, '2023-05-23 19:05:04', '2023-05-23 19:05:04', NULL),
(10, 20, 'Grumusol', NULL, NULL, NULL, NULL, '2023-05-24 05:32:39', '2023-05-24 05:32:39', NULL),
(11, 21, 'Organosol', NULL, NULL, NULL, NULL, '2023-05-24 18:54:45', '2023-05-24 18:54:45', NULL),
(12, 22, 'Rendzina', NULL, NULL, NULL, NULL, '2023-05-24 19:15:54', '2023-05-24 19:15:54', NULL),
(13, 23, 'Laterit', 'setapak', NULL, NULL, NULL, '2023-05-25 06:55:15', '2023-05-25 06:55:15', NULL),
(14, 26, 'Litosol', 'test', NULL, 'test', NULL, '2023-05-25 08:07:41', '2023-05-25 08:07:41', NULL),
(15, 27, 'Podsolik Merah Kuning (PMK)', 'test', NULL, 'test', NULL, '2023-05-25 08:10:07', '2023-05-25 08:10:07', NULL),
(16, 28, 'Podsolik Merah Kuning (PMK)', NULL, NULL, NULL, NULL, '2023-05-25 08:12:16', '2023-05-25 08:12:16', NULL),
(17, 29, 'Regosol', NULL, NULL, NULL, NULL, '2023-05-25 08:29:53', '2023-05-25 08:29:53', NULL),
(18, 30, 'Litosol', 'jalan setapak', NULL, '300', NULL, '2023-05-25 18:29:54', '2023-05-25 18:29:54', NULL),
(19, 31, 'Regosol', NULL, NULL, NULL, NULL, '2023-06-01 03:31:19', '2023-06-01 03:31:19', NULL),
(20, 32, 'Regosol', 'test', 'test', 'test', 'test', '2023-06-11 21:31:38', '2023-06-11 21:31:38', 'test'),
(21, 34, 'Regosol', 'Bisa Dilalui 1 Mobil', 'test', 'Kurang dari 1 Meter', '5', '2023-07-03 05:56:06', '2023-07-03 05:56:06', '5');

-- --------------------------------------------------------

--
-- Table structure for table `failed_jobs`
--

CREATE TABLE `failed_jobs` (
  `id` bigint(20) UNSIGNED NOT NULL,
  `uuid` varchar(255) COLLATE utf8mb4_unicode_ci NOT NULL,
  `connection` text COLLATE utf8mb4_unicode_ci NOT NULL,
  `queue` text COLLATE utf8mb4_unicode_ci NOT NULL,
  `payload` longtext COLLATE utf8mb4_unicode_ci NOT NULL,
  `exception` longtext COLLATE utf8mb4_unicode_ci NOT NULL,
  `failed_at` timestamp NOT NULL DEFAULT current_timestamp()
) ENGINE=InnoDB DEFAULT CHARSET=utf8mb4 COLLATE=utf8mb4_unicode_ci;

-- --------------------------------------------------------

--
-- Table structure for table `feedbacks`
--

CREATE TABLE `feedbacks` (
  `id` bigint(20) UNSIGNED NOT NULL,
  `name` varchar(255) COLLATE utf8mb4_unicode_ci NOT NULL,
  `email` varchar(255) COLLATE utf8mb4_unicode_ci NOT NULL,
  `desc` varchar(255) COLLATE utf8mb4_unicode_ci NOT NULL,
  `created_at` timestamp NULL DEFAULT NULL,
  `updated_at` timestamp NULL DEFAULT NULL
) ENGINE=InnoDB DEFAULT CHARSET=utf8mb4 COLLATE=utf8mb4_unicode_ci;

--
-- Dumping data for table `feedbacks`
--

INSERT INTO `feedbacks` (`id`, `name`, `email`, `desc`, `created_at`, `updated_at`) VALUES
(1, 'Dimas', 'dimasrajawali76@gmail.com', 'josss', '2022-10-19 23:13:05', '2022-10-19 23:13:05'),
(2, 'bagas', 'bagas@mailinator.com', 'mantap', '2023-02-18 05:00:56', '2023-02-18 05:00:56');

-- --------------------------------------------------------

--
-- Table structure for table `instalments`
--

CREATE TABLE `instalments` (
  `id` bigint(20) UNSIGNED NOT NULL,
  `id_lahan` int(11) NOT NULL,
  `id_user` int(11) NOT NULL,
  `month` varchar(255) COLLATE utf8mb4_unicode_ci NOT NULL,
  `amount` double(11,2) NOT NULL,
  `proof_of_payment` varchar(255) COLLATE utf8mb4_unicode_ci DEFAULT NULL,
  `status` int(11) NOT NULL,
  `created_at` timestamp NULL DEFAULT NULL,
  `updated_at` timestamp NULL DEFAULT NULL,
  `id_rent` int(11) NOT NULL
) ENGINE=InnoDB DEFAULT CHARSET=utf8mb4 COLLATE=utf8mb4_unicode_ci;

--
-- Dumping data for table `instalments`
--

INSERT INTO `instalments` (`id`, `id_lahan`, `id_user`, `month`, `amount`, `proof_of_payment`, `status`, `created_at`, `updated_at`, `id_rent`) VALUES
(8, 3, 4, 'March 2023', 1666666.67, '1676744387.png', 1, '2023-02-18 10:48:31', '2023-02-18 11:20:09', 12),
(9, 3, 4, 'April 2023', 1666666.67, NULL, 0, '2023-02-18 10:48:31', '2023-02-18 10:48:31', 12),
(10, 3, 4, 'May 2023', 1666666.67, NULL, 0, '2023-02-18 10:48:31', '2023-02-18 10:48:31', 12),
(11, 3, 4, 'June 2023', 1666666.67, NULL, 0, '2023-02-18 10:48:31', '2023-02-18 10:48:31', 12),
(12, 3, 4, 'July 2023', 1666666.67, NULL, 0, '2023-02-18 10:48:31', '2023-02-18 10:48:31', 12),
(13, 3, 4, 'August 2023', 1666666.67, NULL, 0, '2023-02-18 10:48:31', '2023-02-18 10:48:31', 12),
(14, 3, 4, 'September 2023', 1666666.67, NULL, 0, '2023-02-18 10:48:31', '2023-02-18 10:48:31', 12),
(15, 3, 4, 'October 2023', 1666666.67, NULL, 0, '2023-02-18 10:48:31', '2023-02-18 10:48:31', 12),
(16, 3, 4, 'November 2023', 1666666.67, NULL, 0, '2023-02-18 10:48:31', '2023-02-18 10:48:31', 12),
(17, 3, 4, 'December 2023', 1666666.67, NULL, 0, '2023-02-18 10:48:31', '2023-02-18 10:48:31', 12),
(18, 3, 4, 'January 2024', 1666666.67, NULL, 0, '2023-02-18 10:48:31', '2023-02-18 10:48:31', 12),
(19, 3, 4, 'February 2024', 1666666.67, NULL, 0, '2023-02-18 10:48:31', '2023-02-18 10:48:31', 12),
(20, 9, 6, 'June 2023', 191666.67, NULL, 0, '2023-05-10 07:07:44', '2023-05-10 07:07:44', 13),
(21, 9, 6, 'July 2023', 191666.67, NULL, 0, '2023-05-10 07:07:44', '2023-05-10 07:07:44', 13),
(22, 9, 6, 'August 2023', 191666.67, NULL, 0, '2023-05-10 07:07:44', '2023-05-10 07:07:44', 13),
(23, 9, 6, 'September 2023', 191666.67, NULL, 0, '2023-05-10 07:07:44', '2023-05-10 07:07:44', 13),
(24, 9, 6, 'October 2023', 191666.67, NULL, 0, '2023-05-10 07:07:44', '2023-05-10 07:07:44', 13),
(25, 9, 6, 'November 2023', 191666.67, NULL, 0, '2023-05-10 07:07:44', '2023-05-10 07:07:44', 13),
(26, 9, 6, 'December 2023', 191666.67, NULL, 0, '2023-05-10 07:07:44', '2023-05-10 07:07:44', 13),
(27, 9, 6, 'January 2024', 191666.67, NULL, 0, '2023-05-10 07:07:44', '2023-05-10 07:07:44', 13),
(28, 9, 6, 'February 2024', 191666.67, NULL, 0, '2023-05-10 07:07:44', '2023-05-10 07:07:44', 13),
(29, 9, 6, 'March 2024', 191666.67, NULL, 0, '2023-05-10 07:07:44', '2023-05-10 07:07:44', 13),
(30, 9, 6, 'April 2024', 191666.67, NULL, 0, '2023-05-10 07:07:44', '2023-05-10 07:07:44', 13),
(31, 9, 6, 'May 2024', 191666.67, NULL, 0, '2023-05-10 07:07:44', '2023-05-10 07:07:44', 13),
(32, 11, 6, 'June 2023', 63888.89, NULL, 0, '2023-05-12 01:44:24', '2023-05-12 01:44:24', 14),
(33, 11, 6, 'July 2023', 63888.89, NULL, 0, '2023-05-12 01:44:24', '2023-05-12 01:44:24', 14),
(34, 11, 6, 'August 2023', 63888.89, NULL, 0, '2023-05-12 01:44:24', '2023-05-12 01:44:24', 14),
(35, 11, 6, 'September 2023', 63888.89, NULL, 0, '2023-05-12 01:44:24', '2023-05-12 01:44:24', 14),
(36, 11, 6, 'October 2023', 63888.89, NULL, 0, '2023-05-12 01:44:24', '2023-05-12 01:44:24', 14),
(37, 11, 6, 'November 2023', 63888.89, NULL, 0, '2023-05-12 01:44:24', '2023-05-12 01:44:24', 14),
(38, 11, 6, 'December 2023', 63888.89, NULL, 0, '2023-05-12 01:44:24', '2023-05-12 01:44:24', 14),
(39, 11, 6, 'January 2024', 63888.89, NULL, 0, '2023-05-12 01:44:24', '2023-05-12 01:44:24', 14),
(40, 11, 6, 'February 2024', 63888.89, NULL, 0, '2023-05-12 01:44:24', '2023-05-12 01:44:24', 14),
(41, 11, 6, 'March 2024', 63888.89, NULL, 0, '2023-05-12 01:44:24', '2023-05-12 01:44:24', 14),
(42, 11, 6, 'April 2024', 63888.89, NULL, 0, '2023-05-12 01:44:24', '2023-05-12 01:44:24', 14),
(43, 11, 6, 'May 2024', 63888.89, NULL, 0, '2023-05-12 01:44:24', '2023-05-12 01:44:24', 14),
(44, 11, 6, 'June 2024', 63888.89, NULL, 0, '2023-05-12 01:44:24', '2023-05-12 01:44:24', 14),
(45, 11, 6, 'July 2024', 63888.89, NULL, 0, '2023-05-12 01:44:24', '2023-05-12 01:44:24', 14),
(46, 11, 6, 'August 2024', 63888.89, NULL, 0, '2023-05-12 01:44:24', '2023-05-12 01:44:24', 14),
(47, 11, 6, 'September 2024', 63888.89, NULL, 0, '2023-05-12 01:44:24', '2023-05-12 01:44:24', 14),
(48, 11, 6, 'October 2024', 63888.89, NULL, 0, '2023-05-12 01:44:24', '2023-05-12 01:44:24', 14),
(49, 11, 6, 'November 2024', 63888.89, NULL, 0, '2023-05-12 01:44:24', '2023-05-12 01:44:24', 14),
(50, 11, 6, 'December 2024', 63888.89, NULL, 0, '2023-05-12 01:44:24', '2023-05-12 01:44:24', 14),
(51, 11, 6, 'January 2025', 63888.89, NULL, 0, '2023-05-12 01:44:24', '2023-05-12 01:44:24', 14),
(52, 11, 6, 'February 2025', 63888.89, NULL, 0, '2023-05-12 01:44:24', '2023-05-12 01:44:24', 14),
(53, 11, 6, 'March 2025', 63888.89, NULL, 0, '2023-05-12 01:44:24', '2023-05-12 01:44:24', 14),
(54, 11, 6, 'April 2025', 63888.89, NULL, 0, '2023-05-12 01:44:24', '2023-05-12 01:44:24', 14),
(55, 11, 6, 'May 2025', 63888.89, NULL, 0, '2023-05-12 01:44:24', '2023-05-12 01:44:24', 14),
(56, 11, 6, 'June 2025', 63888.89, NULL, 0, '2023-05-12 01:44:24', '2023-05-12 01:44:24', 14),
(57, 11, 6, 'July 2025', 63888.89, NULL, 0, '2023-05-12 01:44:24', '2023-05-12 01:44:24', 14),
(58, 11, 6, 'August 2025', 63888.89, NULL, 0, '2023-05-12 01:44:24', '2023-05-12 01:44:24', 14),
(59, 11, 6, 'September 2025', 63888.89, NULL, 0, '2023-05-12 01:44:24', '2023-05-12 01:44:24', 14),
(60, 11, 6, 'October 2025', 63888.89, NULL, 0, '2023-05-12 01:44:24', '2023-05-12 01:44:24', 14),
(61, 11, 6, 'November 2025', 63888.89, NULL, 0, '2023-05-12 01:44:24', '2023-05-12 01:44:24', 14),
(62, 11, 6, 'December 2025', 63888.89, NULL, 0, '2023-05-12 01:44:24', '2023-05-12 01:44:24', 14),
(63, 11, 6, 'January 2026', 63888.89, NULL, 0, '2023-05-12 01:44:24', '2023-05-12 01:44:24', 14),
(64, 11, 6, 'February 2026', 63888.89, NULL, 0, '2023-05-12 01:44:24', '2023-05-12 01:44:24', 14),
(65, 11, 6, 'March 2026', 63888.89, NULL, 0, '2023-05-12 01:44:24', '2023-05-12 01:44:24', 14),
(66, 11, 6, 'April 2026', 63888.89, NULL, 0, '2023-05-12 01:44:24', '2023-05-12 01:44:24', 14),
(67, 11, 6, 'May 2026', 63888.89, NULL, 0, '2023-05-12 01:44:24', '2023-05-12 01:44:24', 14),
(68, 12, 6, 'June 2023', 63888.89, NULL, 0, '2023-05-13 02:48:45', '2023-05-13 02:48:45', 15),
(69, 12, 6, 'July 2023', 63888.89, NULL, 0, '2023-05-13 02:48:45', '2023-05-13 02:48:45', 15),
(70, 12, 6, 'August 2023', 63888.89, NULL, 0, '2023-05-13 02:48:45', '2023-05-13 02:48:45', 15),
(71, 12, 6, 'September 2023', 63888.89, NULL, 0, '2023-05-13 02:48:45', '2023-05-13 02:48:45', 15),
(72, 12, 6, 'October 2023', 63888.89, NULL, 0, '2023-05-13 02:48:45', '2023-05-13 02:48:45', 15),
(73, 12, 6, 'November 2023', 63888.89, NULL, 0, '2023-05-13 02:48:45', '2023-05-13 02:48:45', 15),
(74, 12, 6, 'December 2023', 63888.89, NULL, 0, '2023-05-13 02:48:45', '2023-05-13 02:48:45', 15),
(75, 12, 6, 'January 2024', 63888.89, NULL, 0, '2023-05-13 02:48:45', '2023-05-13 02:48:45', 15),
(76, 12, 6, 'February 2024', 63888.89, NULL, 0, '2023-05-13 02:48:45', '2023-05-13 02:48:45', 15),
(77, 12, 6, 'March 2024', 63888.89, NULL, 0, '2023-05-13 02:48:45', '2023-05-13 02:48:45', 15),
(78, 12, 6, 'April 2024', 63888.89, NULL, 0, '2023-05-13 02:48:45', '2023-05-13 02:48:45', 15),
(79, 12, 6, 'May 2024', 63888.89, NULL, 0, '2023-05-13 02:48:45', '2023-05-13 02:48:45', 15),
(80, 12, 6, 'June 2024', 63888.89, NULL, 0, '2023-05-13 02:48:45', '2023-05-13 02:48:45', 15),
(81, 12, 6, 'July 2024', 63888.89, NULL, 0, '2023-05-13 02:48:45', '2023-05-13 02:48:45', 15),
(82, 12, 6, 'August 2024', 63888.89, NULL, 0, '2023-05-13 02:48:45', '2023-05-13 02:48:45', 15),
(83, 12, 6, 'September 2024', 63888.89, NULL, 0, '2023-05-13 02:48:45', '2023-05-13 02:48:45', 15),
(84, 12, 6, 'October 2024', 63888.89, NULL, 0, '2023-05-13 02:48:45', '2023-05-13 02:48:45', 15),
(85, 12, 6, 'November 2024', 63888.89, NULL, 0, '2023-05-13 02:48:46', '2023-05-13 02:48:46', 15),
(86, 12, 6, 'December 2024', 63888.89, NULL, 0, '2023-05-13 02:48:46', '2023-05-13 02:48:46', 15),
(87, 12, 6, 'January 2025', 63888.89, NULL, 0, '2023-05-13 02:48:46', '2023-05-13 02:48:46', 15),
(88, 12, 6, 'February 2025', 63888.89, NULL, 0, '2023-05-13 02:48:46', '2023-05-13 02:48:46', 15),
(89, 12, 6, 'March 2025', 63888.89, NULL, 0, '2023-05-13 02:48:46', '2023-05-13 02:48:46', 15),
(90, 12, 6, 'April 2025', 63888.89, NULL, 0, '2023-05-13 02:48:46', '2023-05-13 02:48:46', 15),
(91, 12, 6, 'May 2025', 63888.89, NULL, 0, '2023-05-13 02:48:46', '2023-05-13 02:48:46', 15),
(92, 12, 6, 'June 2025', 63888.89, NULL, 0, '2023-05-13 02:48:46', '2023-05-13 02:48:46', 15),
(93, 12, 6, 'July 2025', 63888.89, NULL, 0, '2023-05-13 02:48:46', '2023-05-13 02:48:46', 15),
(94, 12, 6, 'August 2025', 63888.89, NULL, 0, '2023-05-13 02:48:46', '2023-05-13 02:48:46', 15),
(95, 12, 6, 'September 2025', 63888.89, NULL, 0, '2023-05-13 02:48:46', '2023-05-13 02:48:46', 15),
(96, 12, 6, 'October 2025', 63888.89, NULL, 0, '2023-05-13 02:48:46', '2023-05-13 02:48:46', 15),
(97, 12, 6, 'November 2025', 63888.89, NULL, 0, '2023-05-13 02:48:46', '2023-05-13 02:48:46', 15),
(98, 12, 6, 'December 2025', 63888.89, NULL, 0, '2023-05-13 02:48:46', '2023-05-13 02:48:46', 15),
(99, 12, 6, 'January 2026', 63888.89, NULL, 0, '2023-05-13 02:48:46', '2023-05-13 02:48:46', 15),
(100, 12, 6, 'February 2026', 63888.89, NULL, 0, '2023-05-13 02:48:46', '2023-05-13 02:48:46', 15),
(101, 12, 6, 'March 2026', 63888.89, NULL, 0, '2023-05-13 02:48:46', '2023-05-13 02:48:46', 15),
(102, 12, 6, 'April 2026', 63888.89, NULL, 0, '2023-05-13 02:48:46', '2023-05-13 02:48:46', 15),
(103, 12, 6, 'May 2026', 63888.89, NULL, 0, '2023-05-13 02:48:46', '2023-05-13 02:48:46', 15),
(104, 17, 6, 'March 2023', 141666.67, '1684934127.jpg', 1, '2023-05-13 03:01:41', '2023-05-24 06:16:24', 16),
(105, 17, 6, 'May 2023', 141666.67, NULL, 0, '2023-05-13 03:01:41', '2023-05-13 03:01:41', 16),
(106, 17, 6, 'June 2023', 141666.67, NULL, 0, '2023-05-13 03:01:41', '2023-05-13 03:01:41', 16),
(107, 17, 6, 'July 2023', 141666.67, NULL, 0, '2023-05-13 03:01:41', '2023-05-13 03:01:41', 16),
(108, 17, 6, 'August 2023', 141666.67, NULL, 0, '2023-05-13 03:01:41', '2023-05-13 03:01:41', 16),
(109, 17, 6, 'September 2023', 141666.67, NULL, 0, '2023-05-13 03:01:41', '2023-05-13 03:01:41', 16),
(110, 17, 6, 'October 2023', 141666.67, NULL, 0, '2023-05-13 03:01:41', '2023-05-13 03:01:41', 16),
(111, 17, 6, 'November 2023', 141666.67, NULL, 0, '2023-05-13 03:01:41', '2023-05-13 03:01:41', 16),
(112, 17, 6, 'December 2023', 141666.67, NULL, 0, '2023-05-13 03:01:41', '2023-05-13 03:01:41', 16),
(113, 17, 6, 'January 2024', 141666.67, NULL, 0, '2023-05-13 03:01:41', '2023-05-13 03:01:41', 16),
(114, 17, 6, 'February 2024', 141666.67, NULL, 0, '2023-05-13 03:01:41', '2023-05-13 03:01:41', 16),
(115, 17, 6, 'March 2024', 141666.67, NULL, 0, '2023-05-13 03:01:41', '2023-05-13 03:01:41', 16),
(116, 17, 6, 'April 2024', 141666.67, NULL, 0, '2023-05-13 03:01:41', '2023-05-13 03:01:41', 16),
(117, 17, 6, 'May 2024', 141666.67, NULL, 0, '2023-05-13 03:01:41', '2023-05-13 03:01:41', 16),
(118, 17, 6, 'June 2024', 141666.67, NULL, 0, '2023-05-13 03:01:41', '2023-05-13 03:01:41', 16),
(119, 17, 6, 'July 2024', 141666.67, NULL, 0, '2023-05-13 03:01:41', '2023-05-13 03:01:41', 16),
(120, 17, 6, 'August 2024', 141666.67, NULL, 0, '2023-05-13 03:01:41', '2023-05-13 03:01:41', 16),
(121, 17, 6, 'September 2024', 141666.67, NULL, 0, '2023-05-13 03:01:41', '2023-05-13 03:01:41', 16),
(122, 17, 6, 'October 2024', 141666.67, NULL, 0, '2023-05-13 03:01:41', '2023-05-13 03:01:41', 16),
(123, 17, 6, 'November 2024', 141666.67, NULL, 0, '2023-05-13 03:01:41', '2023-05-13 03:01:41', 16),
(124, 17, 6, 'December 2024', 141666.67, NULL, 0, '2023-05-13 03:01:41', '2023-05-13 03:01:41', 16),
(125, 17, 6, 'January 2025', 141666.67, NULL, 0, '2023-05-13 03:01:41', '2023-05-13 03:01:41', 16),
(126, 17, 6, 'February 2025', 141666.67, NULL, 0, '2023-05-13 03:01:41', '2023-05-13 03:01:41', 16),
(127, 17, 6, 'March 2025', 141666.67, NULL, 0, '2023-05-13 03:01:41', '2023-05-13 03:01:41', 16),
(128, 20, 7, 'June 2023', 2500000.00, NULL, 0, '2023-05-24 18:15:45', '2023-05-24 18:15:45', 17),
(129, 20, 7, 'July 2023', 2500000.00, NULL, 0, '2023-05-24 18:15:45', '2023-05-24 18:15:45', 17),
(130, 20, 7, 'August 2023', 2500000.00, NULL, 0, '2023-05-24 18:15:45', '2023-05-24 18:15:45', 17),
(131, 20, 7, 'September 2023', 2500000.00, NULL, 0, '2023-05-24 18:15:45', '2023-05-24 18:15:45', 17),
(132, 20, 7, 'October 2023', 2500000.00, NULL, 0, '2023-05-24 18:15:45', '2023-05-24 18:15:45', 17),
(133, 20, 7, 'November 2023', 2500000.00, NULL, 0, '2023-05-24 18:15:45', '2023-05-24 18:15:45', 17),
(134, 20, 7, 'December 2023', 2500000.00, NULL, 0, '2023-05-24 18:15:45', '2023-05-24 18:15:45', 17),
(135, 20, 7, 'January 2024', 2500000.00, NULL, 0, '2023-05-24 18:15:45', '2023-05-24 18:15:45', 17),
(136, 20, 7, 'February 2024', 2500000.00, NULL, 0, '2023-05-24 18:15:45', '2023-05-24 18:15:45', 17),
(137, 20, 7, 'March 2024', 2500000.00, NULL, 0, '2023-05-24 18:15:45', '2023-05-24 18:15:45', 17),
(138, 20, 7, 'April 2024', 2500000.00, NULL, 0, '2023-05-24 18:15:45', '2023-05-24 18:15:45', 17),
(139, 20, 7, 'May 2024', 2500000.00, NULL, 0, '2023-05-24 18:15:45', '2023-05-24 18:15:45', 17),
(140, 20, 7, 'June 2024', 2500000.00, NULL, 0, '2023-05-24 18:15:45', '2023-05-24 18:15:45', 17),
(141, 20, 7, 'July 2024', 2500000.00, NULL, 0, '2023-05-24 18:15:45', '2023-05-24 18:15:45', 17),
(142, 20, 7, 'August 2024', 2500000.00, NULL, 0, '2023-05-24 18:15:45', '2023-05-24 18:15:45', 17),
(143, 20, 7, 'September 2024', 2500000.00, NULL, 0, '2023-05-24 18:15:45', '2023-05-24 18:15:45', 17),
(144, 20, 7, 'October 2024', 2500000.00, NULL, 0, '2023-05-24 18:15:45', '2023-05-24 18:15:45', 17),
(145, 20, 7, 'November 2024', 2500000.00, NULL, 0, '2023-05-24 18:15:45', '2023-05-24 18:15:45', 17),
(146, 20, 7, 'December 2024', 2500000.00, NULL, 0, '2023-05-24 18:15:45', '2023-05-24 18:15:45', 17),
(147, 20, 7, 'January 2025', 2500000.00, NULL, 0, '2023-05-24 18:15:45', '2023-05-24 18:15:45', 17),
(148, 20, 7, 'February 2025', 2500000.00, NULL, 0, '2023-05-24 18:15:45', '2023-05-24 18:15:45', 17),
(149, 20, 7, 'March 2025', 2500000.00, NULL, 0, '2023-05-24 18:15:45', '2023-05-24 18:15:45', 17),
(150, 20, 7, 'April 2025', 2500000.00, NULL, 0, '2023-05-24 18:15:45', '2023-05-24 18:15:45', 17),
(151, 20, 7, 'May 2025', 2500000.00, NULL, 0, '2023-05-24 18:15:45', '2023-05-24 18:15:45', 17),
(152, 19, 5, 'June 2023', 2500000.00, NULL, 0, '2023-05-24 18:43:30', '2023-05-24 18:43:30', 18),
(153, 19, 5, 'July 2023', 2500000.00, NULL, 0, '2023-05-24 18:43:30', '2023-05-24 18:43:30', 18),
(154, 19, 5, 'August 2023', 2500000.00, NULL, 0, '2023-05-24 18:43:30', '2023-05-24 18:43:30', 18),
(155, 19, 5, 'September 2023', 2500000.00, NULL, 0, '2023-05-24 18:43:30', '2023-05-24 18:43:30', 18),
(156, 19, 5, 'October 2023', 2500000.00, NULL, 0, '2023-05-24 18:43:30', '2023-05-24 18:43:30', 18),
(157, 19, 5, 'November 2023', 2500000.00, NULL, 0, '2023-05-24 18:43:30', '2023-05-24 18:43:30', 18),
(158, 19, 5, 'December 2023', 2500000.00, NULL, 0, '2023-05-24 18:43:30', '2023-05-24 18:43:30', 18),
(159, 19, 5, 'January 2024', 2500000.00, NULL, 0, '2023-05-24 18:43:30', '2023-05-24 18:43:30', 18),
(160, 19, 5, 'February 2024', 2500000.00, NULL, 0, '2023-05-24 18:43:30', '2023-05-24 18:43:30', 18),
(161, 19, 5, 'March 2024', 2500000.00, NULL, 0, '2023-05-24 18:43:30', '2023-05-24 18:43:30', 18),
(162, 19, 5, 'April 2024', 2500000.00, NULL, 0, '2023-05-24 18:43:30', '2023-05-24 18:43:30', 18),
(163, 19, 5, 'May 2024', 2500000.00, NULL, 0, '2023-05-24 18:43:30', '2023-05-24 18:43:30', 18),
(164, 19, 5, 'June 2024', 2500000.00, NULL, 0, '2023-05-24 18:43:30', '2023-05-24 18:43:30', 18),
(165, 19, 5, 'July 2024', 2500000.00, NULL, 0, '2023-05-24 18:43:30', '2023-05-24 18:43:30', 18),
(166, 19, 5, 'August 2024', 2500000.00, NULL, 0, '2023-05-24 18:43:30', '2023-05-24 18:43:30', 18),
(167, 19, 5, 'September 2024', 2500000.00, NULL, 0, '2023-05-24 18:43:30', '2023-05-24 18:43:30', 18),
(168, 19, 5, 'October 2024', 2500000.00, NULL, 0, '2023-05-24 18:43:30', '2023-05-24 18:43:30', 18),
(169, 19, 5, 'November 2024', 2500000.00, NULL, 0, '2023-05-24 18:43:30', '2023-05-24 18:43:30', 18),
(170, 19, 5, 'December 2024', 2500000.00, NULL, 0, '2023-05-24 18:43:30', '2023-05-24 18:43:30', 18),
(171, 19, 5, 'January 2025', 2500000.00, NULL, 0, '2023-05-24 18:43:30', '2023-05-24 18:43:30', 18),
(172, 19, 5, 'February 2025', 2500000.00, NULL, 0, '2023-05-24 18:43:30', '2023-05-24 18:43:30', 18),
(173, 19, 5, 'March 2025', 2500000.00, NULL, 0, '2023-05-24 18:43:30', '2023-05-24 18:43:30', 18),
(174, 19, 5, 'April 2025', 2500000.00, NULL, 0, '2023-05-24 18:43:30', '2023-05-24 18:43:30', 18),
(175, 19, 5, 'May 2025', 2500000.00, NULL, 0, '2023-05-24 18:43:30', '2023-05-24 18:43:30', 18),
(176, 21, 5, 'June 2023', 241666.67, NULL, 0, '2023-05-24 18:57:50', '2023-05-24 18:57:50', 19),
(177, 21, 5, 'July 2023', 241666.67, NULL, 0, '2023-05-24 18:57:50', '2023-05-24 18:57:50', 19),
(178, 21, 5, 'August 2023', 241666.67, NULL, 0, '2023-05-24 18:57:50', '2023-05-24 18:57:50', 19),
(179, 21, 5, 'September 2023', 241666.67, NULL, 0, '2023-05-24 18:57:50', '2023-05-24 18:57:50', 19),
(180, 21, 5, 'October 2023', 241666.67, NULL, 0, '2023-05-24 18:57:50', '2023-05-24 18:57:50', 19),
(181, 21, 5, 'November 2023', 241666.67, NULL, 0, '2023-05-24 18:57:50', '2023-05-24 18:57:50', 19),
(182, 21, 5, 'December 2023', 241666.67, NULL, 0, '2023-05-24 18:57:50', '2023-05-24 18:57:50', 19),
(183, 21, 5, 'January 2024', 241666.67, NULL, 0, '2023-05-24 18:57:50', '2023-05-24 18:57:50', 19),
(184, 21, 5, 'February 2024', 241666.67, NULL, 0, '2023-05-24 18:57:50', '2023-05-24 18:57:50', 19),
(185, 21, 5, 'March 2024', 241666.67, NULL, 0, '2023-05-24 18:57:50', '2023-05-24 18:57:50', 19),
(186, 21, 5, 'April 2024', 241666.67, NULL, 0, '2023-05-24 18:57:50', '2023-05-24 18:57:50', 19),
(187, 21, 5, 'May 2024', 241666.67, NULL, 0, '2023-05-24 18:57:50', '2023-05-24 18:57:50', 19),
(188, 21, 5, 'June 2024', 241666.67, NULL, 0, '2023-05-24 18:57:50', '2023-05-24 18:57:50', 19),
(189, 21, 5, 'July 2024', 241666.67, NULL, 0, '2023-05-24 18:57:50', '2023-05-24 18:57:50', 19),
(190, 21, 5, 'August 2024', 241666.67, NULL, 0, '2023-05-24 18:57:51', '2023-05-24 18:57:51', 19),
(191, 21, 5, 'September 2024', 241666.67, NULL, 0, '2023-05-24 18:57:51', '2023-05-24 18:57:51', 19),
(192, 21, 5, 'October 2024', 241666.67, NULL, 0, '2023-05-24 18:57:51', '2023-05-24 18:57:51', 19),
(193, 21, 5, 'November 2024', 241666.67, NULL, 0, '2023-05-24 18:57:51', '2023-05-24 18:57:51', 19),
(194, 21, 5, 'December 2024', 241666.67, NULL, 0, '2023-05-24 18:57:51', '2023-05-24 18:57:51', 19),
(195, 21, 5, 'January 2025', 241666.67, NULL, 0, '2023-05-24 18:57:51', '2023-05-24 18:57:51', 19),
(196, 21, 5, 'February 2025', 241666.67, NULL, 0, '2023-05-24 18:57:51', '2023-05-24 18:57:51', 19),
(197, 21, 5, 'March 2025', 241666.67, NULL, 0, '2023-05-24 18:57:51', '2023-05-24 18:57:51', 19),
(198, 21, 5, 'April 2025', 241666.67, NULL, 0, '2023-05-24 18:57:51', '2023-05-24 18:57:51', 19),
(199, 21, 5, 'May 2025', 241666.67, NULL, 0, '2023-05-24 18:57:51', '2023-05-24 18:57:51', 19),
(200, 22, 7, 'May 2023', 208333.33, NULL, 0, '2023-05-24 19:46:29', '2023-05-24 19:46:29', 20),
(201, 22, 7, 'July 2023', 208333.33, NULL, 0, '2023-05-24 19:46:29', '2023-05-24 19:46:29', 20),
(202, 22, 7, 'August 2023', 208333.33, NULL, 0, '2023-05-24 19:46:29', '2023-05-24 19:46:29', 20),
(203, 22, 7, 'September 2023', 208333.33, NULL, 0, '2023-05-24 19:46:29', '2023-05-24 19:46:29', 20),
(204, 22, 7, 'October 2023', 208333.33, NULL, 0, '2023-05-24 19:46:29', '2023-05-24 19:46:29', 20),
(205, 22, 7, 'November 2023', 208333.33, NULL, 0, '2023-05-24 19:46:29', '2023-05-24 19:46:29', 20),
(206, 22, 7, 'December 2023', 208333.33, NULL, 0, '2023-05-24 19:46:29', '2023-05-24 19:46:29', 20),
(207, 22, 7, 'January 2024', 208333.33, NULL, 0, '2023-05-24 19:46:29', '2023-05-24 19:46:29', 20),
(208, 22, 7, 'February 2024', 208333.33, NULL, 0, '2023-05-24 19:46:29', '2023-05-24 19:46:29', 20),
(209, 22, 7, 'March 2024', 208333.33, NULL, 0, '2023-05-24 19:46:29', '2023-05-24 19:46:29', 20),
(210, 22, 7, 'April 2024', 208333.33, NULL, 0, '2023-05-24 19:46:29', '2023-05-24 19:46:29', 20),
(211, 22, 7, 'May 2024', 208333.33, NULL, 0, '2023-05-24 19:46:29', '2023-05-24 19:46:29', 20),
(212, 22, 7, 'June 2024', 208333.33, NULL, 0, '2023-05-24 19:46:29', '2023-05-24 19:46:29', 20),
(213, 22, 7, 'July 2024', 208333.33, NULL, 0, '2023-05-24 19:46:29', '2023-05-24 19:46:29', 20),
(214, 22, 7, 'August 2024', 208333.33, NULL, 0, '2023-05-24 19:46:29', '2023-05-24 19:46:29', 20),
(215, 22, 7, 'September 2024', 208333.33, NULL, 0, '2023-05-24 19:46:29', '2023-05-24 19:46:29', 20),
(216, 22, 7, 'October 2024', 208333.33, NULL, 0, '2023-05-24 19:46:29', '2023-05-24 19:46:29', 20),
(217, 22, 7, 'November 2024', 208333.33, NULL, 0, '2023-05-24 19:46:29', '2023-05-24 19:46:29', 20),
(218, 22, 7, 'December 2024', 208333.33, NULL, 0, '2023-05-24 19:46:29', '2023-05-24 19:46:29', 20),
(219, 22, 7, 'January 2025', 208333.33, NULL, 0, '2023-05-24 19:46:29', '2023-05-24 19:46:29', 20),
(220, 22, 7, 'February 2025', 208333.33, NULL, 0, '2023-05-24 19:46:29', '2023-05-24 19:46:29', 20),
(221, 22, 7, 'March 2025', 208333.33, NULL, 0, '2023-05-24 19:46:29', '2023-05-24 19:46:29', 20),
(222, 22, 7, 'April 2025', 208333.33, NULL, 0, '2023-05-24 19:46:29', '2023-05-24 19:46:29', 20),
(223, 22, 7, 'May 2025', 208333.33, NULL, 0, '2023-05-24 19:46:29', '2023-05-24 19:46:29', 20),
(224, 23, 7, 'June 2023', 83333.33, NULL, 0, '2023-05-25 06:58:26', '2023-05-25 06:58:26', 21),
(225, 23, 7, 'July 2023', 83333.33, NULL, 0, '2023-05-25 06:58:26', '2023-05-25 06:58:26', 21),
(226, 23, 7, 'August 2023', 83333.33, NULL, 0, '2023-05-25 06:58:26', '2023-05-25 06:58:26', 21),
(227, 23, 7, 'September 2023', 83333.33, NULL, 0, '2023-05-25 06:58:26', '2023-05-25 06:58:26', 21),
(228, 23, 7, 'October 2023', 83333.33, NULL, 0, '2023-05-25 06:58:26', '2023-05-25 06:58:26', 21),
(229, 23, 7, 'November 2023', 83333.33, NULL, 0, '2023-05-25 06:58:26', '2023-05-25 06:58:26', 21),
(230, 23, 7, 'December 2023', 83333.33, NULL, 0, '2023-05-25 06:58:26', '2023-05-25 06:58:26', 21),
(231, 23, 7, 'January 2024', 83333.33, NULL, 0, '2023-05-25 06:58:26', '2023-05-25 06:58:26', 21),
(232, 23, 7, 'February 2024', 83333.33, NULL, 0, '2023-05-25 06:58:26', '2023-05-25 06:58:26', 21),
(233, 23, 7, 'March 2024', 83333.33, NULL, 0, '2023-05-25 06:58:26', '2023-05-25 06:58:26', 21),
(234, 23, 7, 'April 2024', 83333.33, NULL, 0, '2023-05-25 06:58:26', '2023-05-25 06:58:26', 21),
(235, 23, 7, 'May 2024', 83333.33, NULL, 0, '2023-05-25 06:58:26', '2023-05-25 06:58:26', 21),
(236, 23, 7, 'June 2024', 83333.33, NULL, 0, '2023-05-25 06:58:26', '2023-05-25 06:58:26', 21),
(237, 23, 7, 'July 2024', 83333.33, NULL, 0, '2023-05-25 06:58:26', '2023-05-25 06:58:26', 21),
(238, 23, 7, 'August 2024', 83333.33, NULL, 0, '2023-05-25 06:58:26', '2023-05-25 06:58:26', 21),
(239, 23, 7, 'September 2024', 83333.33, NULL, 0, '2023-05-25 06:58:26', '2023-05-25 06:58:26', 21),
(240, 23, 7, 'October 2024', 83333.33, NULL, 0, '2023-05-25 06:58:26', '2023-05-25 06:58:26', 21),
(241, 23, 7, 'November 2024', 83333.33, NULL, 0, '2023-05-25 06:58:26', '2023-05-25 06:58:26', 21),
(242, 23, 7, 'December 2024', 83333.33, NULL, 0, '2023-05-25 06:58:26', '2023-05-25 06:58:26', 21),
(243, 23, 7, 'January 2025', 83333.33, NULL, 0, '2023-05-25 06:58:26', '2023-05-25 06:58:26', 21),
(244, 23, 7, 'February 2025', 83333.33, NULL, 0, '2023-05-25 06:58:26', '2023-05-25 06:58:26', 21),
(245, 23, 7, 'March 2025', 83333.33, NULL, 0, '2023-05-25 06:58:26', '2023-05-25 06:58:26', 21),
(246, 23, 7, 'April 2025', 83333.33, NULL, 0, '2023-05-25 06:58:26', '2023-05-25 06:58:26', 21),
(247, 23, 7, 'May 2025', 83333.33, NULL, 0, '2023-05-25 06:58:26', '2023-05-25 06:58:26', 21),
(248, 28, 7, 'May 2023', 1583333.33, '1685028504.jpg', 1, '2023-05-25 08:15:38', '2023-05-25 08:28:47', 22),
(249, 28, 7, 'July 2023', 1583333.33, NULL, 0, '2023-05-25 08:15:38', '2023-05-25 08:15:38', 22),
(250, 28, 7, 'August 2023', 1583333.33, NULL, 0, '2023-05-25 08:15:38', '2023-05-25 08:15:38', 22),
(251, 28, 7, 'September 2023', 1583333.33, NULL, 0, '2023-05-25 08:15:38', '2023-05-25 08:15:38', 22),
(252, 28, 7, 'October 2023', 1583333.33, NULL, 0, '2023-05-25 08:15:38', '2023-05-25 08:15:38', 22),
(253, 28, 7, 'November 2023', 1583333.33, NULL, 0, '2023-05-25 08:15:38', '2023-05-25 08:15:38', 22),
(254, 28, 7, 'December 2023', 1583333.33, NULL, 0, '2023-05-25 08:15:38', '2023-05-25 08:15:38', 22),
(255, 28, 7, 'January 2024', 1583333.33, NULL, 0, '2023-05-25 08:15:38', '2023-05-25 08:15:38', 22),
(256, 28, 7, 'February 2024', 1583333.33, NULL, 0, '2023-05-25 08:15:38', '2023-05-25 08:15:38', 22),
(257, 28, 7, 'March 2024', 1583333.33, NULL, 0, '2023-05-25 08:15:38', '2023-05-25 08:15:38', 22),
(258, 28, 7, 'April 2024', 1583333.33, NULL, 0, '2023-05-25 08:15:38', '2023-05-25 08:15:38', 22),
(259, 28, 7, 'May 2024', 1583333.33, NULL, 0, '2023-05-25 08:15:38', '2023-05-25 08:15:38', 22),
(260, 28, 7, 'June 2024', 1583333.33, NULL, 0, '2023-05-25 08:15:38', '2023-05-25 08:15:38', 22),
(261, 28, 7, 'July 2024', 1583333.33, NULL, 0, '2023-05-25 08:15:38', '2023-05-25 08:15:38', 22),
(262, 28, 7, 'August 2024', 1583333.33, NULL, 0, '2023-05-25 08:15:38', '2023-05-25 08:15:38', 22),
(263, 28, 7, 'September 2024', 1583333.33, NULL, 0, '2023-05-25 08:15:39', '2023-05-25 08:15:39', 22),
(264, 28, 7, 'October 2024', 1583333.33, NULL, 0, '2023-05-25 08:15:39', '2023-05-25 08:15:39', 22),
(265, 28, 7, 'November 2024', 1583333.33, NULL, 0, '2023-05-25 08:15:39', '2023-05-25 08:15:39', 22),
(266, 28, 7, 'December 2024', 1583333.33, NULL, 0, '2023-05-25 08:15:39', '2023-05-25 08:15:39', 22),
(267, 28, 7, 'January 2025', 1583333.33, NULL, 0, '2023-05-25 08:15:39', '2023-05-25 08:15:39', 22),
(268, 28, 7, 'February 2025', 1583333.33, NULL, 0, '2023-05-25 08:15:39', '2023-05-25 08:15:39', 22),
(269, 28, 7, 'March 2025', 1583333.33, NULL, 0, '2023-05-25 08:15:39', '2023-05-25 08:15:39', 22),
(270, 28, 7, 'April 2025', 1583333.33, NULL, 0, '2023-05-25 08:15:39', '2023-05-25 08:15:39', 22),
(271, 28, 7, 'May 2025', 1583333.33, NULL, 0, '2023-05-25 08:15:39', '2023-05-25 08:15:39', 22),
(272, 28, 7, 'June 2025', 1583333.33, NULL, 0, '2023-05-25 08:15:39', '2023-05-25 08:15:39', 22),
(273, 28, 7, 'July 2025', 1583333.33, NULL, 0, '2023-05-25 08:15:39', '2023-05-25 08:15:39', 22),
(274, 28, 7, 'August 2025', 1583333.33, NULL, 0, '2023-05-25 08:15:39', '2023-05-25 08:15:39', 22),
(275, 28, 7, 'September 2025', 1583333.33, NULL, 0, '2023-05-25 08:15:39', '2023-05-25 08:15:39', 22),
(276, 28, 7, 'October 2025', 1583333.33, NULL, 0, '2023-05-25 08:15:39', '2023-05-25 08:15:39', 22),
(277, 28, 7, 'November 2025', 1583333.33, NULL, 0, '2023-05-25 08:15:39', '2023-05-25 08:15:39', 22),
(278, 28, 7, 'December 2025', 1583333.33, NULL, 0, '2023-05-25 08:15:39', '2023-05-25 08:15:39', 22),
(279, 28, 7, 'January 2026', 1583333.33, NULL, 0, '2023-05-25 08:15:39', '2023-05-25 08:15:39', 22),
(280, 28, 7, 'February 2026', 1583333.33, NULL, 0, '2023-05-25 08:15:39', '2023-05-25 08:15:39', 22),
(281, 28, 7, 'March 2026', 1583333.33, NULL, 0, '2023-05-25 08:15:39', '2023-05-25 08:15:39', 22),
(282, 28, 7, 'April 2026', 1583333.33, NULL, 0, '2023-05-25 08:15:39', '2023-05-25 08:15:39', 22),
(283, 28, 7, 'May 2026', 1583333.33, NULL, 0, '2023-05-25 08:15:39', '2023-05-25 08:15:39', 22),
(284, 29, 7, 'June 2023', 1583333.33, NULL, 0, '2023-05-25 08:32:15', '2023-05-25 08:32:15', 23),
(285, 29, 7, 'July 2023', 1583333.33, NULL, 0, '2023-05-25 08:32:15', '2023-05-25 08:32:15', 23),
(286, 29, 7, 'August 2023', 1583333.33, NULL, 0, '2023-05-25 08:32:15', '2023-05-25 08:32:15', 23),
(287, 29, 7, 'September 2023', 1583333.33, NULL, 0, '2023-05-25 08:32:15', '2023-05-25 08:32:15', 23),
(288, 29, 7, 'October 2023', 1583333.33, NULL, 0, '2023-05-25 08:32:15', '2023-05-25 08:32:15', 23),
(289, 29, 7, 'November 2023', 1583333.33, NULL, 0, '2023-05-25 08:32:15', '2023-05-25 08:32:15', 23),
(290, 29, 7, 'December 2023', 1583333.33, NULL, 0, '2023-05-25 08:32:15', '2023-05-25 08:32:15', 23),
(291, 29, 7, 'January 2024', 1583333.33, NULL, 0, '2023-05-25 08:32:15', '2023-05-25 08:32:15', 23),
(292, 29, 7, 'February 2024', 1583333.33, NULL, 0, '2023-05-25 08:32:15', '2023-05-25 08:32:15', 23),
(293, 29, 7, 'March 2024', 1583333.33, NULL, 0, '2023-05-25 08:32:15', '2023-05-25 08:32:15', 23),
(294, 29, 7, 'April 2024', 1583333.33, NULL, 0, '2023-05-25 08:32:15', '2023-05-25 08:32:15', 23),
(295, 29, 7, 'May 2024', 1583333.33, NULL, 0, '2023-05-25 08:32:15', '2023-05-25 08:32:15', 23),
(296, 29, 7, 'June 2024', 1583333.33, NULL, 0, '2023-05-25 08:32:15', '2023-05-25 08:32:15', 23),
(297, 29, 7, 'July 2024', 1583333.33, NULL, 0, '2023-05-25 08:32:15', '2023-05-25 08:32:15', 23),
(298, 29, 7, 'August 2024', 1583333.33, NULL, 0, '2023-05-25 08:32:15', '2023-05-25 08:32:15', 23),
(299, 29, 7, 'September 2024', 1583333.33, NULL, 0, '2023-05-25 08:32:15', '2023-05-25 08:32:15', 23),
(300, 29, 7, 'October 2024', 1583333.33, NULL, 0, '2023-05-25 08:32:15', '2023-05-25 08:32:15', 23),
(301, 29, 7, 'November 2024', 1583333.33, NULL, 0, '2023-05-25 08:32:15', '2023-05-25 08:32:15', 23),
(302, 29, 7, 'December 2024', 1583333.33, NULL, 0, '2023-05-25 08:32:15', '2023-05-25 08:32:15', 23),
(303, 29, 7, 'January 2025', 1583333.33, NULL, 0, '2023-05-25 08:32:15', '2023-05-25 08:32:15', 23),
(304, 29, 7, 'February 2025', 1583333.33, NULL, 0, '2023-05-25 08:32:15', '2023-05-25 08:32:15', 23),
(305, 29, 7, 'March 2025', 1583333.33, NULL, 0, '2023-05-25 08:32:15', '2023-05-25 08:32:15', 23),
(306, 29, 7, 'April 2025', 1583333.33, NULL, 0, '2023-05-25 08:32:15', '2023-05-25 08:32:15', 23),
(307, 29, 7, 'May 2025', 1583333.33, NULL, 0, '2023-05-25 08:32:15', '2023-05-25 08:32:15', 23),
(308, 30, 11, 'June 2023', 83250.00, NULL, 0, '2023-05-25 18:43:24', '2023-05-25 18:43:24', 24),
(309, 30, 11, 'July 2023', 83250.00, NULL, 0, '2023-05-25 18:43:24', '2023-05-25 18:43:24', 24),
(310, 30, 11, 'August 2023', 83250.00, NULL, 0, '2023-05-25 18:43:24', '2023-05-25 18:43:24', 24),
(311, 30, 11, 'September 2023', 83250.00, NULL, 0, '2023-05-25 18:43:24', '2023-05-25 18:43:24', 24),
(312, 30, 11, 'October 2023', 83250.00, NULL, 0, '2023-05-25 18:43:24', '2023-05-25 18:43:24', 24),
(313, 30, 11, 'November 2023', 83250.00, NULL, 0, '2023-05-25 18:43:24', '2023-05-25 18:43:24', 24),
(314, 30, 11, 'December 2023', 83250.00, NULL, 0, '2023-05-25 18:43:24', '2023-05-25 18:43:24', 24),
(315, 30, 11, 'January 2024', 83250.00, NULL, 0, '2023-05-25 18:43:24', '2023-05-25 18:43:24', 24),
(316, 30, 11, 'February 2024', 83250.00, NULL, 0, '2023-05-25 18:43:24', '2023-05-25 18:43:24', 24),
(317, 30, 11, 'March 2024', 83250.00, NULL, 0, '2023-05-25 18:43:24', '2023-05-25 18:43:24', 24),
(318, 30, 11, 'April 2024', 83250.00, NULL, 0, '2023-05-25 18:43:24', '2023-05-25 18:43:24', 24),
(319, 30, 11, 'May 2024', 83250.00, NULL, 0, '2023-05-25 18:43:24', '2023-05-25 18:43:24', 24);

-- --------------------------------------------------------

--
-- Table structure for table `migrations`
--

CREATE TABLE `migrations` (
  `id` int(10) UNSIGNED NOT NULL,
  `migration` varchar(255) COLLATE utf8mb4_unicode_ci NOT NULL,
  `batch` int(11) NOT NULL
) ENGINE=InnoDB DEFAULT CHARSET=utf8mb4 COLLATE=utf8mb4_unicode_ci;

--
-- Dumping data for table `migrations`
--

INSERT INTO `migrations` (`id`, `migration`, `batch`) VALUES
(1, '2014_10_12_000000_create_users_table', 1),
(2, '2014_10_12_100000_create_password_resets_table', 1),
(3, '2019_08_19_000000_create_failed_jobs_table', 1),
(4, '2019_12_14_000001_create_personal_access_tokens_table', 1),
(5, '2022_10_19_115952_create_customer_table', 1),
(6, '2022_10_19_122340_create_ads_table', 2),
(7, '2022_10_19_135329_add_column_to_ads_table', 3),
(8, '2022_10_19_140149_create_admins_table', 4),
(9, '2022_10_20_013432_create_table_categories', 5),
(10, '2022_10_20_060728_create_table_feedbacks', 6),
(11, '2022_10_20_151010_create_table_wishlists', 7),
(12, '2022_10_26_130805_update_table_ads', 8),
(13, '2022_11_05_111709_create_booking_table', 9),
(14, '2022_11_05_120846_add_ktp_to_customer', 9),
(15, '2022_11_13_140353_create_rent_table', 10),
(16, '2022_11_13_141800_add_status_rent_table', 11),
(17, '2022_11_16_025733_add_status_instalment_rents_table', 12),
(18, '2022_11_16_033318_create_table_instalment', 13),
(19, '2022_11_16_034402_add_id_rent_instalment_table', 14),
(20, '2022_11_18_120857_add_column_date_booking_table', 15),
(21, '2022_11_18_121107_add_column_date_booking_table', 16),
(22, '2023_02_18_131512_create_facilities_table', 17),
(23, '2023_02_18_134223_delete_temperature_at_ads--table=ads', 18),
(24, '2023_02_18_141045_add_is_irigation', 19);

-- --------------------------------------------------------

--
-- Table structure for table `password_resets`
--

CREATE TABLE `password_resets` (
  `email` varchar(255) COLLATE utf8mb4_unicode_ci NOT NULL,
  `token` varchar(255) COLLATE utf8mb4_unicode_ci NOT NULL,
  `created_at` timestamp NULL DEFAULT NULL
) ENGINE=InnoDB DEFAULT CHARSET=utf8mb4 COLLATE=utf8mb4_unicode_ci;

-- --------------------------------------------------------

--
-- Table structure for table `personal_access_tokens`
--

CREATE TABLE `personal_access_tokens` (
  `id` bigint(20) UNSIGNED NOT NULL,
  `tokenable_type` varchar(255) COLLATE utf8mb4_unicode_ci NOT NULL,
  `tokenable_id` bigint(20) UNSIGNED NOT NULL,
  `name` varchar(255) COLLATE utf8mb4_unicode_ci NOT NULL,
  `token` varchar(64) COLLATE utf8mb4_unicode_ci NOT NULL,
  `abilities` text COLLATE utf8mb4_unicode_ci DEFAULT NULL,
  `last_used_at` timestamp NULL DEFAULT NULL,
  `expires_at` timestamp NULL DEFAULT NULL,
  `created_at` timestamp NULL DEFAULT NULL,
  `updated_at` timestamp NULL DEFAULT NULL
) ENGINE=InnoDB DEFAULT CHARSET=utf8mb4 COLLATE=utf8mb4_unicode_ci;

-- --------------------------------------------------------

--
-- Table structure for table `rents`
--

CREATE TABLE `rents` (
  `id` bigint(20) UNSIGNED NOT NULL,
  `id_lahan` int(11) NOT NULL,
  `id_user` int(11) NOT NULL,
  `done_price` varchar(255) COLLATE utf8mb4_unicode_ci NOT NULL,
  `period` varchar(255) COLLATE utf8mb4_unicode_ci NOT NULL,
  `period_type` varchar(255) COLLATE utf8mb4_unicode_ci NOT NULL,
  `method` int(11) NOT NULL,
  `agreement_photo` varchar(255) COLLATE utf8mb4_unicode_ci NOT NULL,
  `created_at` timestamp NULL DEFAULT NULL,
  `updated_at` timestamp NULL DEFAULT NULL,
  `status` int(11) NOT NULL,
  `status_instalment` int(11) NOT NULL
) ENGINE=InnoDB DEFAULT CHARSET=utf8mb4 COLLATE=utf8mb4_unicode_ci;

--
-- Dumping data for table `rents`
--

INSERT INTO `rents` (`id`, `id_lahan`, `id_user`, `done_price`, `period`, `period_type`, `method`, `agreement_photo`, `created_at`, `updated_at`, `status`, `status_instalment`) VALUES
(12, 3, 4, '20000000', '1', 'Tahun', 0, '1676742511.png', '2023-02-18 10:48:31', '2023-02-18 10:52:40', 1, 0),
(14, 11, 6, '2300000', '3', 'Tahun', 0, '1683881064.jpg', '2023-05-12 01:44:24', '2023-05-12 01:47:06', 1, 0),
(15, 12, 6, '2300000', '3', 'Tahun', 0, '1683971325.jpg', '2023-05-13 02:48:45', '2023-05-13 02:48:45', 0, 0),
(16, 17, 6, '3400000', '2', 'Tahun', 0, '1683972101.jpg', '2023-05-13 03:01:41', '2023-05-13 03:02:32', 1, 0),
(17, 20, 7, '60000000', '2', 'Tahun', 0, '1684977344.jpg', '2023-05-24 18:15:45', '2023-05-24 18:15:45', 0, 0),
(18, 19, 5, '60000000', '2', 'Tahun', 1, '1684979010.jpg', '2023-05-24 18:43:30', '2023-05-24 18:44:33', 1, 0),
(19, 21, 5, '5800000', '2', 'Tahun', 0, '1684979870.jpg', '2023-05-24 18:57:50', '2023-05-24 18:57:50', 0, 0),
(20, 22, 7, '5000000', '2', 'Tahun', 0, '1684982789.jpg', '2023-05-24 19:46:29', '2023-05-24 19:46:29', 0, 0),
(21, 23, 7, '2000000', '2', 'Tahun', 1, '1685023106.jpg', '2023-05-25 06:58:26', '2023-05-25 06:59:17', 1, 0),
(22, 28, 7, '57000000', '3', 'Tahun', 0, '1685027738.jpg', '2023-05-25 08:15:38', '2023-05-25 08:16:20', 1, 0),
(23, 29, 7, '38000000', '2', 'Tahun', 1, '1685028735.jpg', '2023-05-25 08:32:15', '2023-05-25 08:32:43', 1, 0),
(24, 30, 11, '999000', '1', 'Tahun', 0, '1685065404.jpg', '2023-05-25 18:43:24', '2023-05-25 18:44:41', 1, 0);

-- --------------------------------------------------------

--
-- Table structure for table `users`
--

CREATE TABLE `users` (
  `id` bigint(20) UNSIGNED NOT NULL,
  `name` varchar(255) COLLATE utf8mb4_unicode_ci NOT NULL,
  `email` varchar(255) COLLATE utf8mb4_unicode_ci NOT NULL,
  `email_verified_at` timestamp NULL DEFAULT NULL,
  `password` varchar(255) COLLATE utf8mb4_unicode_ci NOT NULL,
  `remember_token` varchar(100) COLLATE utf8mb4_unicode_ci DEFAULT NULL,
  `created_at` timestamp NULL DEFAULT NULL,
  `updated_at` timestamp NULL DEFAULT NULL
) ENGINE=InnoDB DEFAULT CHARSET=utf8mb4 COLLATE=utf8mb4_unicode_ci;

-- --------------------------------------------------------

--
-- Table structure for table `users_verify`
--

CREATE TABLE `users_verify` (
  `user_id` int(11) NOT NULL,
  `token` varchar(255) COLLATE utf8mb4_unicode_ci NOT NULL,
  `created_at` timestamp NULL DEFAULT NULL,
  `updated_at` timestamp NULL DEFAULT NULL
) ENGINE=InnoDB DEFAULT CHARSET=utf8mb4 COLLATE=utf8mb4_unicode_ci;

--
-- Dumping data for table `users_verify`
--

INSERT INTO `users_verify` (`user_id`, `token`, `created_at`, `updated_at`) VALUES
(18, 'Jl1TDDaIMneBwIXIddxEp3rb9jaqKAiUhaEPrWY16bL7infj1aqMYvzhYeb8FqP7', '2023-07-01 22:18:11', '2023-07-01 22:18:11'),
(19, 'vXdHOelgmvS7meq9Y6xDnQ5bhETVT3rGZdpYo4kUiopUXHxhpP0ZxtLrhBoLIUE3', '2023-07-01 22:23:18', '2023-07-01 22:23:18'),
(20, '7IXd65ktZDMx8KfYtC6lwot3szp8mo6Wl4LToaXK66CHXCJzY6OoaWFl46FsLmR3', '2023-07-01 22:24:23', '2023-07-01 22:24:23'),
(21, 'WjTa3urDI522TuxMlBWZtP0oV7uEBwhQDu5r9aEzxy2mOoOtx3HVT3oa5HiGNNRd', '2023-07-01 22:27:17', '2023-07-01 22:27:17'),
(22, 'WgVEBojmTyh1w8284O30Qb1C8kFarmqn3uhCq8Gg8aLXuVBSktDAWlqelaELgTeo', '2023-07-01 22:30:00', '2023-07-01 22:30:00'),
(23, '6a8L2n3hLsrWNOqsLd6CAOgWCsg3rCJe4y8Jc1Mi8cfLB1Lr4vQUTyTxwfHiZc7C', '2023-07-01 22:39:04', '2023-07-01 22:39:04'),
(24, 'GrN8t30dOKNO1sZa4wb1FVKBqWXgjtqvH622nbe3BwR62uYdvqT4lUpu5Ybvmrkz', '2023-07-01 22:43:29', '2023-07-01 22:43:29'),
(25, 'iBloOf64hIdtCna3FaOa74gGgAqvlllfFBq8wa2N218il93zxTBeVa6bPjPtE6BE', '2023-07-01 22:48:02', '2023-07-01 22:48:02'),
(25, 'd5ATwHGnp4WCSrz8UfBfQ5PZGZL5h00dY3dltncKAYBcbqpL2EQzKpF1cUDpLbJt', '2023-07-01 23:46:27', '2023-07-01 23:46:27'),
(25, 'F86G7ANqR8wDHc0da4BxjoKYfDu1DgISjRbLirit8NzPQvRTadl2smy2UHLC4vzx', '2023-07-01 23:46:58', '2023-07-01 23:46:58'),
(25, '55b1lVPLsQ4LqOoEcrEYYZezfifraZGmih8lJOtdBiKyg2OdulkLCplqwb4UcNsL', '2023-07-01 23:50:25', '2023-07-01 23:50:25'),
(26, 'pdSonnXymY8H07sTHl4XVcNYwjHjgZkuFo0FevZ5Fvnzah3w9DIK9zKj723OzNt5', '2023-07-03 05:45:32', '2023-07-03 05:45:32'),
(26, 'GaQVyVm1vex0YR6akE3pfa3mPTQXQOXJsmYoYCyde41g5K1lxSyhUGlQf7ObNEvG', '2023-07-03 05:47:51', '2023-07-03 05:47:51'),
(26, 'KEzD1tiy7qeHsY7hlAe9S2lNPwPNSNTUdDBn3NDvTiWaNMA8VHOUklN6n2r70Odj', '2023-07-03 05:49:36', '2023-07-03 05:49:36'),
(26, 'BtAdLCHkKJuJvkyysUNPTUCHQrap4UI3WsntrCFFlRE0K4ZcojnGvPrc5Cei96ip', '2023-07-03 05:49:55', '2023-07-03 05:49:55'),
(26, 'wX5VHBCHRYEW4E4UfbtuzduLKMi87oZ9ftQOCAm9jayxjrrJhvFdfDxd7d2YmrZr', '2023-07-03 05:50:34', '2023-07-03 05:50:34'),
(26, 'eZPCQAUFkJqwlsJbrteoIwVmY0eck2VKEgmtR4JzQ2sjIYpP0dfSTgQybUAjt5yV', '2023-07-03 05:50:45', '2023-07-03 05:50:45'),
(26, 'BmX6JkU1vnxjpq8Fexi4eTvwxUY25mGVFcO0IxKKuh1s0w3tp9PNFPtiuWZP6Qwu', '2023-07-03 05:50:52', '2023-07-03 05:50:52'),
(26, '7mZEr6s5biVnwAAD7RlLsArpoUr8LFubzXBtkI8AKUiRJPCtAcxXh4il4p25WUP3', '2023-07-03 05:51:10', '2023-07-03 05:51:10'),
(26, '9CSWuhzbC1stTTYDi6uVm6SzS78YxLbv0Z8GKhvnX5QdVqNzRh6j6MqDM5qJMhvx', '2023-07-03 05:51:47', '2023-07-03 05:51:47'),
(26, 'chSd7k6hw8MYXXri2cT4FHgm3tSzmwGvjfhiGXAPdvdg73pOrCw1l03YVcHLt3S1', '2023-07-03 05:52:02', '2023-07-03 05:52:02');

-- --------------------------------------------------------

--
-- Table structure for table `wishlists`
--

CREATE TABLE `wishlists` (
  `id` bigint(20) UNSIGNED NOT NULL,
  `id_user` int(11) NOT NULL,
  `id_lahan` int(11) NOT NULL,
  `created_at` timestamp NULL DEFAULT NULL,
  `updated_at` timestamp NULL DEFAULT NULL
) ENGINE=InnoDB DEFAULT CHARSET=utf8mb4 COLLATE=utf8mb4_unicode_ci;

--
-- Dumping data for table `wishlists`
--

INSERT INTO `wishlists` (`id`, `id_user`, `id_lahan`, `created_at`, `updated_at`) VALUES
(15, 6, 9, '2023-05-10 07:03:46', '2023-05-10 07:03:46'),
(27, 5, 19, '2023-05-24 19:31:45', '2023-05-24 19:31:45'),
(28, 11, 30, '2023-05-25 18:40:09', '2023-05-25 18:40:09');

--
-- Indexes for dumped tables
--

--
-- Indexes for table `admins`
--
ALTER TABLE `admins`
  ADD PRIMARY KEY (`id`);

--
-- Indexes for table `ads`
--
ALTER TABLE `ads`
  ADD PRIMARY KEY (`id`);

--
-- Indexes for table `bookings`
--
ALTER TABLE `bookings`
  ADD PRIMARY KEY (`id`);

--
-- Indexes for table `categories`
--
ALTER TABLE `categories`
  ADD PRIMARY KEY (`id`);

--
-- Indexes for table `customers`
--
ALTER TABLE `customers`
  ADD PRIMARY KEY (`id`);

--
-- Indexes for table `facilities`
--
ALTER TABLE `facilities`
  ADD PRIMARY KEY (`id`);

--
-- Indexes for table `failed_jobs`
--
ALTER TABLE `failed_jobs`
  ADD PRIMARY KEY (`id`),
  ADD UNIQUE KEY `failed_jobs_uuid_unique` (`uuid`);

--
-- Indexes for table `feedbacks`
--
ALTER TABLE `feedbacks`
  ADD PRIMARY KEY (`id`);

--
-- Indexes for table `instalments`
--
ALTER TABLE `instalments`
  ADD PRIMARY KEY (`id`);

--
-- Indexes for table `migrations`
--
ALTER TABLE `migrations`
  ADD PRIMARY KEY (`id`);

--
-- Indexes for table `password_resets`
--
ALTER TABLE `password_resets`
  ADD KEY `password_resets_email_index` (`email`);

--
-- Indexes for table `personal_access_tokens`
--
ALTER TABLE `personal_access_tokens`
  ADD PRIMARY KEY (`id`),
  ADD UNIQUE KEY `personal_access_tokens_token_unique` (`token`),
  ADD KEY `personal_access_tokens_tokenable_type_tokenable_id_index` (`tokenable_type`,`tokenable_id`);

--
-- Indexes for table `rents`
--
ALTER TABLE `rents`
  ADD PRIMARY KEY (`id`);

--
-- Indexes for table `users`
--
ALTER TABLE `users`
  ADD PRIMARY KEY (`id`),
  ADD UNIQUE KEY `users_email_unique` (`email`);

--
-- Indexes for table `wishlists`
--
ALTER TABLE `wishlists`
  ADD PRIMARY KEY (`id`);

--
-- AUTO_INCREMENT for dumped tables
--

--
-- AUTO_INCREMENT for table `admins`
--
ALTER TABLE `admins`
  MODIFY `id` bigint(20) UNSIGNED NOT NULL AUTO_INCREMENT, AUTO_INCREMENT=5;

--
-- AUTO_INCREMENT for table `ads`
--
ALTER TABLE `ads`
  MODIFY `id` bigint(20) UNSIGNED NOT NULL AUTO_INCREMENT, AUTO_INCREMENT=35;

--
-- AUTO_INCREMENT for table `bookings`
--
ALTER TABLE `bookings`
  MODIFY `id` bigint(20) UNSIGNED NOT NULL AUTO_INCREMENT, AUTO_INCREMENT=32;

--
-- AUTO_INCREMENT for table `categories`
--
ALTER TABLE `categories`
  MODIFY `id` bigint(20) UNSIGNED NOT NULL AUTO_INCREMENT, AUTO_INCREMENT=6;

--
-- AUTO_INCREMENT for table `customers`
--
ALTER TABLE `customers`
  MODIFY `id` bigint(20) UNSIGNED NOT NULL AUTO_INCREMENT, AUTO_INCREMENT=27;

--
-- AUTO_INCREMENT for table `facilities`
--
ALTER TABLE `facilities`
  MODIFY `id` bigint(20) UNSIGNED NOT NULL AUTO_INCREMENT, AUTO_INCREMENT=22;

--
-- AUTO_INCREMENT for table `failed_jobs`
--
ALTER TABLE `failed_jobs`
  MODIFY `id` bigint(20) UNSIGNED NOT NULL AUTO_INCREMENT;

--
-- AUTO_INCREMENT for table `feedbacks`
--
ALTER TABLE `feedbacks`
  MODIFY `id` bigint(20) UNSIGNED NOT NULL AUTO_INCREMENT, AUTO_INCREMENT=3;

--
-- AUTO_INCREMENT for table `instalments`
--
ALTER TABLE `instalments`
  MODIFY `id` bigint(20) UNSIGNED NOT NULL AUTO_INCREMENT, AUTO_INCREMENT=320;

--
-- AUTO_INCREMENT for table `migrations`
--
ALTER TABLE `migrations`
  MODIFY `id` int(10) UNSIGNED NOT NULL AUTO_INCREMENT, AUTO_INCREMENT=25;

--
-- AUTO_INCREMENT for table `personal_access_tokens`
--
ALTER TABLE `personal_access_tokens`
  MODIFY `id` bigint(20) UNSIGNED NOT NULL AUTO_INCREMENT;

--
-- AUTO_INCREMENT for table `rents`
--
ALTER TABLE `rents`
  MODIFY `id` bigint(20) UNSIGNED NOT NULL AUTO_INCREMENT, AUTO_INCREMENT=25;

--
-- AUTO_INCREMENT for table `users`
--
ALTER TABLE `users`
  MODIFY `id` bigint(20) UNSIGNED NOT NULL AUTO_INCREMENT;

--
-- AUTO_INCREMENT for table `wishlists`
--
ALTER TABLE `wishlists`
  MODIFY `id` bigint(20) UNSIGNED NOT NULL AUTO_INCREMENT, AUTO_INCREMENT=29;
COMMIT;

/*!40101 SET CHARACTER_SET_CLIENT=@OLD_CHARACTER_SET_CLIENT */;
/*!40101 SET CHARACTER_SET_RESULTS=@OLD_CHARACTER_SET_RESULTS */;
/*!40101 SET COLLATION_CONNECTION=@OLD_COLLATION_CONNECTION */;
